Datetime,Tide,Weather Condition,Water temperature (ÂºC),Supratidal/Middle Intertidal,puddle,rock,sand,pebble,canal,sea,Lipophrys pholis,Season,Moon phase,Lipophrys pholis smooth,Previous Lipophrys pholis,Previous Lipophrys pholis smooth,Time difference (hours),Weather Condition encoded,Season encoded,Moon phase encoded,Supratidal/Middle Intertidal encoded
2011-11-29 11:25:00,0.8,Clear sky,16.0,medium,1.0,1.0,0.0,0.0,0.0,0.0,0.0,autumn,Waxing Crescent,0.0,0.0,0.0,0.0,0,0,5,0
2011-11-29 11:40:00,0.8,Clear sky,16.0,medium,1.0,1.0,0.0,0.0,0.0,0.0,0.0,autumn,Waxing Crescent,0.0,0.0,0.0,0.0,0,0,5,0
2011-11-29 12:00:00,0.8,Clear sky,16.0,medium,1.0,1.0,0.0,0.0,0.0,0.0,0.0,autumn,Waxing Crescent,0.0,0.0,0.0,0.0,0,0,5,0
2011-11-29 12:15:00,0.8,Clear sky,16.0,supra,0.0,1.0,0.0,0.0,0.0,0.0,0.0,autumn,Waxing Crescent,0.0,0.0,0.0,0.0,0,0,5,1
2011-11-29 12:25:00,0.8,Clear sky,16.0,supra,1.0,1.0,0.0,0.0,0.0,0.0,0.0,autumn,Waxing Crescent,0.0,0.0,0.0,0.0,0,0,5,1
2011-11-29 12:45:00,0.8,Clear sky,16.0,supra,0.0,1.0,0.0,0.0,0.0,0.0,0.0,autumn,Waxing Crescent,0.0,0.0,0.0,0.0,0,0,5,1
2011-12-14 11:45:00,0.9,Clear sky,16.0,medium,1.0,0.0,0.0,0.0,0.0,0.0,0.0,autumn,Waxing Gibbous,0.0,0.0,0.0,359.0,0,0,6,0
2011-12-14 12:00:00,0.9,Clear sky,16.0,medium,1.0,1.0,0.0,0.0,0.0,0.0,0.0,autumn,Waning Gibbous,0.0,0.0,0.0,0.0,0,0,4,0
2011-12-14 12:15:00,0.9,Clear sky,16.0,medium,1.0,1.0,0.0,0.0,0.0,0.0,0.0,autumn,Waning Gibbous,0.0,0.0,0.0,0.0,0,0,4,0
2011-12-14 12:30:00,0.9,Clear sky,16.0,medium,1.0,1.0,0.0,0.0,0.0,0.0,0.0,autumn,Waning Gibbous,0.0,0.0,0.0,0.0,0,0,4,0
2011-12-14 12:45:00,0.9,Clear sky,16.0,supra,0.0,1.0,0.0,0.0,0.0,0.0,0.0,autumn,Waning Gibbous,0.0,0.0,0.0,0.0,0,0,4,1
2011-12-14 13:00:00,0.9,Clear sky,16.0,supra,1.0,1.0,0.0,0.0,0.0,0.0,0.0,autumn,Waning Gibbous,0.0,0.0,0.0,0.0,0,0,4,1
2011-12-14 13:15:00,0.9,Clear sky,16.0,supra,0.0,1.0,0.0,0.0,0.0,0.0,0.0,autumn,Waning Gibbous,0.0,0.0,0.0,0.0,0,0,4,1
2012-01-12 11:15:00,0.7,Clear sky,15.0,medium,0.0,0.0,0.0,0.0,1.0,0.0,0.0,winter,Waxing Gibbous,0.0,0.0,0.0,694.0,0,3,6,0
2012-01-12 11:30:00,0.7,Clear sky,15.0,medium,0.0,0.0,0.0,0.0,1.0,0.0,0.0,winter,Waning Gibbous,0.0,0.0,0.0,0.0,0,3,4,0
2012-01-12 11:45:00,0.7,Clear sky,15.0,medium,0.0,0.0,0.0,0.0,1.0,0.0,0.0,winter,Waning Gibbous,0.0,0.0,0.0,0.0,0,3,4,0
2012-01-12 12:00:00,0.7,Clear sky,15.0,medium,0.0,0.0,0.0,0.0,1.0,0.0,0.0,winter,Waning Gibbous,0.0,0.0,0.0,0.0,0,3,4,0
2012-01-12 12:15:00,0.7,Clear sky,15.0,supra,1.0,0.0,0.0,0.0,0.0,0.0,0.0,winter,Waning Gibbous,0.0,0.0,0.0,0.0,0,3,4,1
2012-01-12 12:30:00,0.7,Clear sky,15.0,supra,1.0,0.0,0.0,0.0,0.0,0.0,0.0,winter,Waning Gibbous,0.0,0.0,0.0,0.0,0,3,4,1
2012-01-12 12:45:00,0.7,Clear sky,15.0,supra,1.0,0.0,0.0,0.0,0.0,0.0,0.0,winter,Waning Gibbous,0.0,0.0,0.0,0.0,0,3,4,1
2012-01-25 10:45:00,0.6,Clear sky,17.0,medium,1.0,1.0,0.0,0.0,0.0,0.0,0.0,winter,Waning Crescent,0.0,0.0,0.0,310.0,0,3,3,0
2012-01-25 11:00:00,0.6,Clear sky,17.0,medium,1.0,1.0,0.0,0.0,0.0,0.0,0.0,winter,Waxing Crescent,0.0,0.0,0.0,0.0,0,3,5,0
2012-01-25 11:15:00,0.6,Clear sky,17.0,medium,1.0,1.0,0.0,0.0,0.0,0.0,0.0,winter,Waxing Crescent,0.0,0.0,0.0,0.0,0,3,5,0
2012-01-25 11:30:00,0.6,Clear sky,17.0,medium,1.0,1.0,0.0,0.0,0.0,0.0,0.0,winter,Waxing Crescent,0.0,0.0,0.0,0.0,0,3,5,0
2012-01-25 12:00:00,0.6,Clear sky,17.0,supra,1.0,1.0,0.0,0.0,0.0,0.0,0.0,winter,Waxing Crescent,0.0,0.0,0.0,0.0,0,3,5,1
2012-01-25 12:15:00,0.6,Clear sky,17.0,supra,1.0,1.0,0.0,0.0,0.0,0.0,0.0,winter,Waxing Crescent,0.0,0.0,0.0,0.0,0,3,5,1
2012-01-25 12:30:00,0.6,Clear sky,17.0,supra,1.0,1.0,0.0,0.0,0.0,0.0,0.0,winter,Waxing Crescent,0.0,0.0,0.0,0.0,0,3,5,1
2012-02-09 10:00:00,0.5,Clear sky,13.0,supra,0.0,1.0,0.0,0.0,0.0,0.0,0.0,winter,Waxing Gibbous,0.0,0.0,0.0,357.0,0,3,6,1
2012-02-09 10:15:00,0.5,Clear sky,13.0,medium,0.0,1.0,0.0,0.0,0.0,0.0,0.0,winter,Waning Gibbous,0.0,0.0,0.0,0.0,0,3,4,0
2012-02-09 10:30:00,0.5,Clear sky,13.0,medium,1.0,1.0,0.0,0.0,0.0,0.0,0.0,winter,Waning Gibbous,0.0,0.0,0.0,0.0,0,3,4,0
2012-02-09 10:45:00,0.5,Clear sky,13.0,medium,1.0,1.0,0.0,0.0,0.0,0.0,0.0,winter,Waning Gibbous,0.0,0.0,0.0,0.0,0,3,4,0
2012-02-09 11:00:00,0.5,Clear sky,13.0,medium,1.0,1.0,0.0,0.0,0.0,0.0,0.0,winter,Waning Gibbous,0.0,0.0,0.0,0.0,0,3,4,0
2012-02-09 11:15:00,0.5,Clear sky,13.0,supra,1.0,1.0,0.0,0.0,0.0,0.0,0.0,winter,Waning Gibbous,0.0,0.0,0.0,0.0,0,3,4,1
2012-02-09 11:30:00,0.5,Clear sky,13.0,supra,1.0,1.0,0.0,0.0,0.0,0.0,0.0,winter,Waning Gibbous,0.0,0.0,0.0,0.0,0,3,4,1
2012-02-22 10:00:00,0.7,Clear sky,16.0,supra,1.0,1.0,0.0,0.0,0.0,0.0,0.0,winter,New Moon,0.0,0.0,0.0,310.0,0,3,1,1
2012-02-22 10:15:00,0.7,Clear sky,16.0,medium,1.0,1.0,0.0,0.0,0.0,0.0,0.0,winter,New Moon,0.0,0.0,0.0,0.0,0,3,1,0
2012-02-22 10:30:00,0.7,Clear sky,16.0,medium,1.0,0.0,0.0,0.0,0.0,0.0,0.0,winter,New Moon,0.0,0.0,0.0,0.0,0,3,1,0
2012-02-22 10:45:00,0.7,Clear sky,16.0,medium,1.0,0.0,0.0,0.0,0.0,0.0,0.0,winter,New Moon,0.0,0.0,0.0,0.0,0,3,1,0
2012-02-22 11:00:00,0.7,Clear sky,16.0,medium,1.0,0.0,0.0,0.0,0.0,0.0,0.0,winter,New Moon,0.0,0.0,0.0,0.0,0,3,1,0
2012-02-22 11:15:00,0.7,Clear sky,16.0,supra,1.0,1.0,0.0,0.0,0.0,0.0,0.0,winter,New Moon,0.0,0.0,0.0,0.0,0,3,1,1
2012-02-22 11:30:00,0.7,Clear sky,16.0,supra,1.0,1.0,0.0,0.0,0.0,0.0,0.0,winter,New Moon,0.0,0.0,0.0,0.0,0,3,1,1
2012-03-09 10:15:00,0.4,Clear sky,15.0,medium,1.0,1.0,0.0,0.0,0.0,0.0,0.0,winter,Waxing Gibbous,0.0,0.0,0.0,382.0,0,3,6,0
2012-03-09 10:30:00,0.4,Clear sky,15.0,medium,0.0,1.0,0.0,0.0,0.0,0.0,0.0,winter,Waning Gibbous,0.0,0.0,0.0,0.0,0,3,4,0
2012-03-09 10:45:00,0.4,Clear sky,15.0,medium,1.0,1.0,0.0,0.0,0.0,0.0,0.0,winter,Waning Gibbous,0.0,0.0,0.0,0.0,0,3,4,0
2012-03-09 11:00:00,0.4,Clear sky,15.0,medium,1.0,1.0,0.0,0.0,0.0,0.0,0.0,winter,Waning Gibbous,0.0,0.0,0.0,0.0,0,3,4,0
2012-03-09 11:15:00,0.4,Clear sky,15.0,supra,0.0,1.0,0.0,0.0,0.0,0.0,0.0,winter,Waning Gibbous,0.0,0.0,0.0,0.0,0,3,4,1
2012-03-09 11:30:00,0.4,Clear sky,15.0,supra,1.0,1.0,0.0,0.0,0.0,0.0,0.0,winter,Waning Gibbous,0.0,0.0,0.0,0.0,0,3,4,1
2012-03-09 11:45:00,0.4,Clear sky,15.0,supra,0.0,1.0,0.0,0.0,0.0,0.0,0.0,winter,Waning Gibbous,0.0,0.0,0.0,0.0,0,3,4,1
2012-03-22 09:45:00,0.8,Clear sky,17.0,medium,0.0,1.0,0.0,0.0,0.0,1.0,0.0,spring,New Moon,0.0,0.0,0.0,310.0,0,1,1,0
2012-03-22 10:00:00,0.8,Clear sky,17.0,medium,0.0,1.0,0.0,0.0,0.0,0.0,0.0,spring,New Moon,0.0,0.0,0.0,0.0,0,1,1,0
2012-03-22 10:15:00,0.8,Clear sky,17.0,medium,0.0,1.0,0.0,0.0,0.0,0.0,0.0,spring,New Moon,0.0,0.0,0.0,0.0,0,1,1,0
2012-03-22 10:30:00,0.8,Clear sky,17.0,medium,1.0,1.0,0.0,0.0,0.0,1.0,0.0,spring,New Moon,0.0,0.0,0.0,0.0,0,1,1,0
2012-03-22 11:00:00,0.8,Clear sky,17.0,supra,0.0,1.0,0.0,0.0,0.0,0.0,0.0,spring,New Moon,0.0,0.0,0.0,0.0,0,1,1,1
2012-03-22 11:15:00,0.8,Clear sky,17.0,supra,0.0,1.0,0.0,0.0,0.0,0.0,0.0,spring,New Moon,0.0,0.0,0.0,0.0,0,1,1,1
2012-03-22 11:30:00,0.8,Clear sky,17.0,supra,0.0,1.0,0.0,0.0,0.0,0.0,0.0,spring,New Moon,0.0,0.0,0.0,0.0,0,1,1,1
2012-04-05 08:30:00,0.6,Clear sky,15.0,medium,0.0,1.0,0.0,0.0,0.0,0.0,0.0,spring,Waxing Gibbous,0.0,0.0,0.0,333.0,0,1,6,0
2012-04-05 08:45:00,0.6,Clear sky,15.0,medium,0.0,1.0,0.0,0.0,0.0,0.0,0.0,spring,Waxing Gibbous,0.0,0.0,0.0,0.0,0,1,6,0
2012-04-05 09:00:00,0.6,Clear sky,15.0,medium,0.0,1.0,0.0,0.0,1.0,0.0,0.0,spring,Waxing Gibbous,0.0,0.0,0.0,0.0,0,1,6,0
2012-04-05 09:15:00,0.6,Clear sky,15.0,medium,1.0,1.0,0.0,0.0,0.0,0.0,0.0,spring,Waxing Gibbous,0.0,0.0,0.0,0.0,0,1,6,0
2012-04-05 09:45:00,0.6,Clear sky,15.0,supra,1.0,1.0,0.0,0.0,0.0,0.0,0.0,spring,Waxing Gibbous,0.0,0.0,0.0,0.0,0,1,6,1
2012-04-05 10:00:00,0.6,Clear sky,15.0,supra,1.0,1.0,0.0,0.0,0.0,0.0,0.0,spring,Waxing Gibbous,0.0,0.0,0.0,0.0,0,1,6,1
2012-04-05 10:15:00,0.6,Clear sky,15.0,supra,0.0,1.0,0.0,0.0,0.0,1.0,0.0,spring,Waxing Gibbous,0.0,0.0,0.0,0.0,0,1,6,1
2012-04-24 11:00:00,1.0,Cloudy,16.5,medium,1.0,1.0,0.0,0.0,0.0,0.0,0.0,spring,Waning Crescent,0.0,0.0,0.0,456.0,1,1,3,0
2012-04-24 11:30:00,1.0,Cloudy,16.5,medium,1.0,1.0,0.0,0.0,0.0,0.0,0.0,spring,Waxing Crescent,0.0,0.0,0.0,0.0,1,1,5,0
2012-04-24 11:45:00,1.0,Cloudy,16.5,medium,1.0,1.0,0.0,0.0,0.0,0.0,0.0,spring,Waxing Crescent,0.0,0.0,0.0,0.0,1,1,5,0
2012-04-24 12:00:00,1.0,Cloudy,16.5,medium,1.0,1.0,0.0,0.0,0.0,0.0,0.0,spring,Waxing Crescent,0.0,0.0,0.0,0.0,1,1,5,0
2012-04-24 12:15:00,1.0,Cloudy,16.5,supra,1.0,1.0,0.0,0.0,0.0,0.0,0.0,spring,Waxing Crescent,0.0,0.0,0.0,0.0,1,1,5,1
2012-04-24 12:30:00,1.0,Cloudy,16.5,supra,1.0,1.0,0.0,0.0,0.0,0.0,0.0,spring,Waxing Crescent,0.0,0.0,0.0,0.0,1,1,5,1
2012-04-24 12:45:00,1.0,Cloudy,16.5,supra,1.0,1.0,0.0,0.0,0.0,0.0,0.0,spring,Waxing Crescent,0.0,0.0,0.0,0.0,1,1,5,1
2012-05-08 11:00:00,0.6,Cloudy,21.0,medium,1.0,1.0,0.0,0.0,0.0,0.0,0.0,spring,Waxing Gibbous,0.0,0.0,0.0,334.0,1,1,6,0
2012-05-08 11:30:00,0.6,Cloudy,21.0,medium,1.0,1.0,0.0,0.0,0.0,0.0,0.0,spring,Waning Gibbous,0.0,0.0,0.0,0.0,1,1,4,0
2012-05-08 11:45:00,0.6,Cloudy,21.0,medium,1.0,1.0,0.0,0.0,0.0,0.0,0.0,spring,Waning Gibbous,0.0,0.0,0.0,0.0,1,1,4,0
2012-05-08 12:00:00,0.6,Cloudy,21.0,medium,1.0,1.0,1.0,0.0,0.0,1.0,0.0,spring,Waning Gibbous,0.0,0.0,0.0,0.0,1,1,4,0
2012-05-08 12:15:00,0.6,Cloudy,21.0,supra,1.0,1.0,0.0,0.0,0.0,0.0,0.0,spring,Waning Gibbous,0.0,0.0,0.0,0.0,1,1,4,1
2012-05-08 12:30:00,0.6,Cloudy,21.0,supra,1.0,1.0,0.0,0.0,0.0,0.0,0.0,spring,Waning Gibbous,0.0,0.0,0.0,0.0,1,1,4,1
2012-05-08 12:45:00,0.6,Cloudy,21.0,supra,1.0,1.0,0.0,0.0,0.0,0.0,0.0,spring,Waning Gibbous,0.0,0.0,0.0,0.0,1,1,4,1
2012-05-22 10:30:00,1.0,Clear sky,20.0,medium,1.0,1.0,0.0,0.0,0.0,0.0,0.0,spring,Waning Crescent,0.0,0.0,0.0,333.0,0,1,3,0
2012-05-22 11:00:00,1.0,Clear sky,20.0,medium,1.0,1.0,0.0,0.0,0.0,0.0,0.0,spring,Waxing Crescent,0.0,0.0,0.0,0.0,0,1,5,0
2012-05-22 11:30:00,1.0,Clear sky,20.0,medium,1.0,1.0,0.0,0.0,0.0,0.0,0.0,spring,Waxing Crescent,0.0,0.0,0.0,0.0,0,1,5,0
2012-05-22 11:45:00,1.0,Clear sky,20.0,medium,1.0,1.0,0.0,0.0,0.0,0.0,0.0,spring,Waxing Crescent,0.0,0.0,0.0,0.0,0,1,5,0
2012-05-22 12:15:00,1.0,Clear sky,20.0,supra,1.0,1.0,0.0,0.0,0.0,0.0,0.0,spring,Waxing Crescent,0.0,0.0,0.0,0.0,0,1,5,1
2012-05-22 12:30:00,1.0,Clear sky,20.0,supra,1.0,1.0,0.0,0.0,0.0,0.0,0.0,spring,Waxing Crescent,0.0,0.0,0.0,0.0,0,1,5,1
2012-05-22 12:45:00,1.0,Clear sky,20.0,supra,1.0,1.0,0.0,0.0,0.0,0.0,0.0,spring,Waxing Crescent,0.0,0.0,0.0,0.0,0,1,5,1
2012-06-05 10:30:00,0.6,Clear sky,21.0,medium,1.0,1.0,0.0,0.0,0.0,0.0,0.0,spring,Waxing Gibbous,0.0,0.0,0.0,333.0,0,1,6,0
2012-06-05 11:00:00,0.6,Clear sky,21.0,medium,1.0,1.0,0.0,0.0,0.0,0.0,0.0,spring,Waning Gibbous,0.0,0.0,0.0,0.0,0,1,4,0
2012-06-05 11:30:00,0.6,Clear sky,21.0,medium,0.0,1.0,0.0,0.0,0.0,0.0,0.0,spring,Waning Gibbous,0.0,0.0,0.0,0.0,0,1,4,0
2012-06-05 11:45:00,0.6,Clear sky,21.0,medium,1.0,1.0,0.0,0.0,0.0,0.0,0.0,spring,Waning Gibbous,0.0,0.0,0.0,0.0,0,1,4,0
2012-06-05 12:15:00,0.6,Clear sky,21.0,supra,1.0,1.0,0.0,0.0,0.0,0.0,0.0,spring,Waning Gibbous,0.0,0.0,0.0,0.0,0,1,4,1
2012-06-05 12:30:00,0.6,Clear sky,21.0,supra,1.0,1.0,0.0,0.0,0.0,0.0,0.0,spring,Waning Gibbous,0.0,0.0,0.0,0.0,0,1,4,1
2012-06-05 12:45:00,0.6,Clear sky,21.0,supra,1.0,1.0,0.0,0.0,0.0,0.0,0.0,spring,Waning Gibbous,0.0,0.0,0.0,0.0,0,1,4,1
2012-06-21 10:30:00,1.0,Cloudy,21.0,medium,1.0,1.0,0.0,0.0,0.0,0.0,0.0,summer,Waning Crescent,0.0,0.0,0.0,381.0,1,2,3,0
2012-06-21 11:00:00,1.0,Cloudy,21.0,medium,1.0,1.0,0.0,0.0,0.0,0.0,0.0,summer,Waxing Crescent,0.0,0.0,0.0,0.0,1,2,5,0
2012-06-21 11:30:00,1.0,Cloudy,21.0,medium,1.0,1.0,0.0,0.0,0.0,0.0,0.0,summer,Waxing Crescent,0.0,0.0,0.0,0.0,1,2,5,0
2012-06-21 11:45:00,1.0,Cloudy,21.0,medium,1.0,1.0,0.0,0.0,0.0,0.0,0.0,summer,Waxing Crescent,0.0,0.0,0.0,0.0,1,2,5,0
2012-06-21 12:15:00,1.0,Cloudy,21.0,supra,0.0,0.0,1.0,1.0,0.0,0.0,0.0,summer,Waxing Crescent,0.0,0.0,0.0,0.0,1,2,5,1
2012-06-21 12:30:00,1.0,Cloudy,21.0,supra,0.0,0.0,0.0,1.0,0.0,0.0,0.0,summer,Waxing Crescent,0.0,0.0,0.0,0.0,1,2,5,1
2012-06-21 12:45:00,1.0,Cloudy,21.0,supra,0.0,0.0,0.0,1.0,0.0,0.0,0.0,summer,Waxing Crescent,0.0,0.0,0.0,0.0,1,2,5,1
2012-07-05 10:30:00,0.7,Cloudy,19.0,medium,1.0,1.0,0.0,0.0,0.0,0.0,0.0,summer,Waxing Gibbous,0.0,0.0,0.0,333.0,1,2,6,0
2012-07-05 10:45:00,0.7,Cloudy,19.0,medium,1.0,1.0,0.0,0.0,0.0,0.0,0.0,summer,Waning Gibbous,0.0,0.0,0.0,0.0,1,2,4,0
2012-07-05 11:00:00,0.7,Cloudy,19.0,medium,1.0,1.0,0.0,0.0,0.0,0.0,0.0,summer,Waning Gibbous,0.0,0.0,0.0,0.0,1,2,4,0
2012-07-05 11:15:00,0.7,Cloudy,19.0,medium,0.0,1.0,0.0,0.0,0.0,1.0,0.0,summer,Waning Gibbous,0.0,0.0,0.0,0.0,1,2,4,0
2012-07-05 11:45:00,0.7,Cloudy,19.0,supra,0.0,1.0,0.0,0.0,0.0,0.0,0.0,summer,Waning Gibbous,0.0,0.0,0.0,0.0,1,2,4,1
2012-07-05 12:00:00,0.7,Cloudy,19.0,supra,0.0,1.0,0.0,0.0,0.0,0.0,0.0,summer,Waning Gibbous,0.0,0.0,0.0,0.0,1,2,4,1
2012-07-05 12:15:00,0.7,Cloudy,19.0,supra,0.0,1.0,0.0,0.0,0.0,0.0,0.0,summer,Waning Gibbous,0.0,0.0,0.0,0.0,1,2,4,1
2012-07-19 10:30:00,0.9,Clear sky,18.0,medium,1.0,1.0,0.0,0.0,0.0,0.0,0.0,summer,New Moon,0.0,0.0,0.0,334.0,0,2,1,0
2012-07-19 10:45:00,0.9,Clear sky,18.0,medium,0.0,1.0,0.0,0.0,0.0,0.0,0.0,summer,New Moon,0.0,0.0,0.0,0.0,0,2,1,0
2012-07-19 11:00:00,0.9,Clear sky,18.0,medium,1.0,1.0,0.0,0.0,0.0,0.0,0.0,summer,New Moon,0.0,0.0,0.0,0.0,0,2,1,0
2012-07-19 11:15:00,0.9,Clear sky,18.0,medium,1.0,1.0,0.0,0.0,0.0,0.0,0.0,summer,New Moon,0.0,0.0,0.0,0.0,0,2,1,0
2012-07-19 11:45:00,0.9,Clear sky,18.0,supra,1.0,1.0,0.0,0.0,0.0,0.0,0.0,summer,New Moon,0.0,0.0,0.0,0.0,0,2,1,1
2012-07-19 12:00:00,0.9,Clear sky,18.0,supra,1.0,1.0,0.0,0.0,0.0,0.0,0.0,summer,New Moon,0.0,0.0,0.0,0.0,0,2,1,1
2012-07-19 12:15:00,0.9,Clear sky,18.0,supra,1.0,1.0,0.0,0.0,0.0,0.0,0.0,summer,New Moon,0.0,0.0,0.0,0.0,0,2,1,1
2012-08-01 10:30:00,0.8,Clear sky,17.5,medium,1.0,1.0,0.0,0.0,0.0,0.0,0.0,summer,Full Moon,0.0,0.0,0.0,310.0,0,2,0,0
2012-08-01 10:45:00,0.8,Clear sky,17.5,medium,1.0,1.0,0.0,0.0,0.0,0.0,0.0,summer,Full Moon,0.0,0.0,0.0,0.0,0,2,0,0
2012-08-01 11:00:00,0.8,Clear sky,17.5,medium,1.0,1.0,0.0,0.0,0.0,0.0,0.0,summer,Full Moon,0.0,0.0,0.0,0.0,0,2,0,0
2012-08-01 11:15:00,0.8,Clear sky,17.5,medium,0.0,0.0,0.0,0.0,0.0,1.0,0.0,summer,Full Moon,0.0,0.0,0.0,0.0,0,2,0,0
2012-08-01 11:45:00,0.8,Clear sky,17.5,supra,1.0,1.0,0.0,0.0,0.0,0.0,0.0,summer,Full Moon,0.0,0.0,0.0,0.0,0,2,0,1
2012-08-01 12:00:00,0.8,Clear sky,17.5,supra,1.0,1.0,0.0,0.0,0.0,0.0,0.0,summer,Full Moon,0.0,0.0,0.0,0.0,0,2,0,1
2012-08-01 12:15:00,0.8,Clear sky,17.5,supra,1.0,1.0,0.0,0.0,0.0,0.0,0.0,summer,Full Moon,0.0,0.0,0.0,0.0,0,2,0,1
2012-08-20 10:30:00,0.6,Clear sky,21.0,medium,1.0,1.0,0.0,0.0,0.0,0.0,0.0,summer,Waning Crescent,0.0,0.0,0.0,454.0,0,2,3,0
2012-08-20 10:45:00,0.6,Clear sky,21.0,medium,0.0,1.0,1.0,0.0,1.0,0.0,0.0,summer,Waxing Crescent,0.0,0.0,0.0,0.0,0,2,5,0
2012-08-20 11:00:00,0.6,Clear sky,21.0,medium,0.0,1.0,1.0,0.0,1.0,0.0,0.0,summer,Waxing Crescent,0.0,0.0,0.0,0.0,0,2,5,0
2012-08-20 11:15:00,0.6,Clear sky,21.0,medium,0.0,1.0,0.0,0.0,1.0,0.0,0.0,summer,Waxing Crescent,0.0,0.0,0.0,0.0,0,2,5,0
2012-08-20 11:45:00,0.6,Clear sky,21.0,supra,0.0,0.0,0.0,1.0,0.0,0.0,0.0,summer,Waxing Crescent,0.0,0.0,0.0,0.0,0,2,5,1
2012-08-20 12:00:00,0.6,Clear sky,21.0,supra,0.0,1.0,0.0,1.0,0.0,0.0,0.0,summer,Waxing Crescent,0.0,0.0,0.0,0.0,0,2,5,1
2012-08-20 12:15:00,0.6,Clear sky,21.0,supra,0.0,1.0,0.0,1.0,0.0,0.0,0.0,summer,Waxing Crescent,0.0,0.0,0.0,0.0,0,2,5,1
2012-09-18 10:30:00,0.5,Clear sky,21.0,medium,1.0,1.0,0.0,0.0,0.0,0.0,0.0,summer,Waning Crescent,0.0,0.0,0.0,694.0,0,2,3,0
2012-09-18 10:45:00,0.5,Clear sky,21.0,medium,0.0,1.0,0.0,0.0,0.0,0.0,0.0,summer,Waxing Crescent,0.0,0.0,0.0,0.0,0,2,5,0
2012-09-18 11:00:00,0.5,Clear sky,21.0,medium,1.0,1.0,0.0,0.0,0.0,0.0,0.0,summer,Waxing Crescent,0.0,0.0,0.0,0.0,0,2,5,0
2012-09-18 11:15:00,0.5,Clear sky,21.0,medium,1.0,1.0,0.0,0.0,0.0,0.0,0.0,summer,Waxing Crescent,0.0,0.0,0.0,0.0,0,2,5,0
2012-09-18 11:45:00,0.5,Clear sky,21.0,supra,1.0,1.0,0.0,0.0,0.0,0.0,0.0,summer,Waxing Crescent,0.0,0.0,0.0,0.0,0,2,5,1
2012-09-18 12:00:00,0.5,Clear sky,21.0,supra,1.0,1.0,0.0,0.0,0.0,0.0,0.0,summer,Waxing Crescent,0.0,0.0,0.0,0.0,0,2,5,1
2012-09-18 12:15:00,0.5,Clear sky,21.0,supra,1.0,1.0,0.0,0.0,0.0,0.0,0.0,summer,Waxing Crescent,0.0,0.0,0.0,0.0,0,2,5,1
2012-10-30 10:15:00,0.9,Clear sky,17.0,medium,0.0,1.0,1.0,0.0,0.0,1.0,0.0,autumn,Full Moon,0.0,0.0,0.0,1006.0,0,0,0,0
2012-10-30 10:30:00,0.9,Clear sky,17.0,medium,1.0,1.0,0.0,0.0,0.0,0.0,0.0,autumn,Full Moon,0.0,0.0,0.0,0.0,0,0,0,0
2012-10-30 10:45:00,0.9,Clear sky,17.0,medium,0.0,1.0,0.0,0.0,0.0,0.0,0.0,autumn,Full Moon,0.0,0.0,0.0,0.0,0,0,0,0
2012-10-30 11:00:00,0.9,Clear sky,17.0,medium,0.0,1.0,1.0,0.0,0.0,0.0,0.0,autumn,Full Moon,0.0,0.0,0.0,0.0,0,0,0,0
2012-10-30 11:15:00,0.9,Clear sky,17.0,supra,1.0,1.0,0.0,0.0,0.0,0.0,0.0,autumn,Full Moon,0.0,0.0,0.0,0.0,0,0,0,1
2012-10-30 11:30:00,0.9,Clear sky,17.0,supra,0.0,0.0,1.0,1.0,0.0,0.0,0.0,autumn,Full Moon,0.0,0.0,0.0,0.0,0,0,0,1
2012-10-30 11:45:00,0.9,Clear sky,17.0,supra,0.0,1.0,0.0,1.0,0.0,0.0,0.0,autumn,Full Moon,0.0,0.0,0.0,0.0,0,0,0,1
2012-11-29 10:00:00,0.9,Clear sky,15.0,medium,1.0,1.0,0.0,0.0,0.0,0.0,0.0,autumn,Full Moon,0.0,0.0,0.0,718.0,0,0,0,0
2012-11-29 10:15:00,0.9,Clear sky,15.0,medium,1.0,1.0,0.0,0.0,0.0,0.0,0.0,autumn,Full Moon,0.0,0.0,0.0,0.0,0,0,0,0
2012-11-29 10:30:00,0.9,Clear sky,15.0,medium,0.0,1.0,0.0,0.0,0.0,0.0,0.0,autumn,Full Moon,0.0,0.0,0.0,0.0,0,0,0,0
2012-11-29 10:45:00,0.9,Clear sky,15.0,medium,1.0,1.0,0.0,0.0,0.0,0.0,0.0,autumn,Full Moon,0.0,0.0,0.0,0.0,0,0,0,0
2012-11-29 11:00:00,0.9,Clear sky,15.0,supra,0.0,0.0,1.0,1.0,0.0,0.0,0.0,autumn,Full Moon,0.0,0.0,0.0,0.0,0,0,0,1
2012-11-29 11:05:00,0.9,Clear sky,15.0,supra,0.0,1.0,0.0,1.0,0.0,0.0,0.0,autumn,Full Moon,0.0,0.0,0.0,0.0,0,0,0,1
2012-11-29 11:10:00,0.9,Clear sky,15.0,supra,0.0,0.0,0.0,1.0,0.0,0.0,0.0,autumn,Full Moon,0.0,0.0,0.0,0.0,0,0,0,1
2012-12-12 08:45:00,0.7,Clear sky,15.0,supra,1.0,1.0,0.0,0.0,0.0,0.0,0.0,autumn,Waning Crescent,0.0,0.0,0.0,309.0,0,0,3,1
2012-12-12 09:00:00,0.7,Clear sky,15.0,medium,1.0,1.0,0.0,0.0,0.0,0.0,0.0,autumn,Waning Crescent,0.0,0.0,0.0,0.0,0,0,3,0
2012-12-12 09:15:00,0.7,Clear sky,15.0,medium,1.0,1.0,0.0,0.0,0.0,0.0,0.0,autumn,Waning Crescent,0.0,0.0,0.0,0.0,0,0,3,0
2012-12-12 09:30:00,0.7,Clear sky,15.0,medium,1.0,1.0,0.0,0.0,0.0,0.0,0.0,autumn,Waning Crescent,0.0,0.0,0.0,0.0,0,0,3,0
2012-12-12 09:45:00,0.7,Clear sky,15.0,medium,1.0,1.0,0.0,0.0,0.0,0.0,0.0,autumn,Waning Crescent,0.0,0.0,0.0,0.0,0,0,3,0
2012-12-12 10:00:00,0.7,Clear sky,15.0,supra,1.0,1.0,0.0,0.0,0.0,0.0,0.0,autumn,Waning Crescent,0.0,0.0,0.0,0.0,0,0,3,1
2012-12-12 10:15:00,0.7,Clear sky,15.0,supra,1.0,1.0,0.0,0.0,0.0,0.0,0.0,autumn,Waning Crescent,0.0,0.0,0.0,0.0,0,0,3,1
2013-01-29 10:15:00,0.7,Clear sky,15.0,medium,1.0,1.0,1.0,0.0,0.0,0.0,0.0,winter,Waxing Gibbous,0.0,0.0,0.0,1152.0,0,3,6,0
2013-01-29 10:30:00,0.7,Clear sky,15.0,medium,0.0,1.0,0.0,0.0,0.0,0.0,0.0,winter,Waning Gibbous,0.0,0.0,0.0,0.0,0,3,4,0
2013-01-29 10:45:00,0.7,Clear sky,15.0,medium,1.0,1.0,0.0,0.0,0.0,0.0,0.0,winter,Waning Gibbous,0.0,0.0,0.0,0.0,0,3,4,0
2013-01-29 11:00:00,0.7,Clear sky,15.0,medium,1.0,1.0,0.0,0.0,0.0,0.0,0.0,winter,Waning Gibbous,0.0,0.0,0.0,0.0,0,3,4,0
2013-01-29 11:15:00,0.7,Clear sky,15.0,supra,0.0,0.0,1.0,0.0,0.0,0.0,0.0,winter,Waning Gibbous,0.0,0.0,0.0,0.0,0,3,4,1
2013-01-29 11:30:00,0.7,Clear sky,15.0,supra,1.0,1.0,0.0,0.0,0.0,0.0,0.0,winter,Waning Gibbous,0.0,0.0,0.0,0.0,0,3,4,1
2013-01-29 11:45:00,0.7,Clear sky,15.0,supra,1.0,1.0,0.0,0.0,0.0,0.0,0.0,winter,Waning Gibbous,0.0,0.0,0.0,0.0,0,3,4,1
2013-02-13 10:15:00,0.7,Clear sky,15.0,medium,1.0,1.0,0.0,0.0,0.0,0.0,0.0,winter,Waning Crescent,0.0,0.0,0.0,358.0,0,3,3,0
2013-02-13 10:30:00,0.7,Clear sky,15.0,medium,1.0,1.0,1.0,0.0,0.0,0.0,0.0,winter,Waxing Crescent,0.0,0.0,0.0,0.0,0,3,5,0
2013-02-13 10:45:00,0.7,Clear sky,15.0,medium,1.0,1.0,0.0,0.0,0.0,0.0,0.0,winter,Waxing Crescent,0.0,0.0,0.0,0.0,0,3,5,0
2013-02-13 11:00:00,0.7,Clear sky,15.0,medium,1.0,1.0,0.0,0.0,0.0,0.0,0.0,winter,Waxing Crescent,0.0,0.0,0.0,0.0,0,3,5,0
2013-02-13 11:15:00,0.7,Clear sky,15.0,supra,0.0,1.0,1.0,0.0,0.0,0.0,0.0,winter,Waxing Crescent,0.0,0.0,0.0,0.0,0,3,5,1
2013-02-13 11:30:00,0.7,Clear sky,15.0,supra,0.0,1.0,1.0,0.0,0.0,0.0,0.0,winter,Waxing Crescent,0.0,0.0,0.0,0.0,0,3,5,1
2013-02-13 11:45:00,0.7,Clear sky,15.0,supra,0.0,1.0,1.0,0.0,0.0,0.0,0.0,winter,Waxing Crescent,0.0,0.0,0.0,0.0,0,3,5,1
2013-03-27 09:45:00,0.6,Clear sky,15.0,supra,0.0,1.0,0.0,0.0,0.0,0.0,0.0,spring,Full Moon,0.0,0.0,0.0,1006.0,0,1,0,1
2013-03-27 10:15:00,0.6,Clear sky,15.0,medium,1.0,1.0,0.0,0.0,0.0,0.0,0.0,spring,Full Moon,0.0,0.0,0.0,0.0,0,1,0,0
2013-03-27 10:30:00,0.6,Clear sky,15.0,medium,1.0,1.0,1.0,0.0,0.0,0.0,0.0,spring,Full Moon,0.0,0.0,0.0,0.0,0,1,0,0
2013-03-27 10:45:00,0.6,Clear sky,15.0,medium,1.0,1.0,1.0,0.0,0.0,0.0,0.0,spring,Full Moon,0.0,0.0,0.0,0.0,0,1,0,0
2013-03-27 11:00:00,0.6,Clear sky,15.0,medium,1.0,1.0,1.0,0.0,0.0,0.0,0.0,spring,Full Moon,0.0,0.0,0.0,0.0,0,1,0,0
2013-03-27 11:15:00,0.6,Clear sky,15.0,supra,0.0,1.0,0.0,0.0,0.0,0.0,0.0,spring,Full Moon,0.0,0.0,0.0,0.0,0,1,0,1
2013-03-27 11:30:00,0.6,Clear sky,15.0,supra,1.0,1.0,0.0,0.0,0.0,0.0,0.0,spring,Full Moon,0.0,0.0,0.0,0.0,0,1,0,1
2013-04-10 09:45:00,0.7,Clear sky,15.0,supra,1.0,1.0,0.0,1.0,0.0,0.0,0.0,spring,New Moon,0.0,0.0,0.0,334.0,0,1,1,1
2013-04-10 10:15:00,0.7,Clear sky,15.0,medium,0.0,1.0,0.0,0.0,0.0,1.0,0.0,spring,New Moon,0.0,0.0,0.0,0.0,0,1,1,0
2013-04-10 10:30:00,0.7,Clear sky,15.0,medium,0.0,1.0,0.0,0.0,0.0,1.0,0.0,spring,New Moon,0.0,0.0,0.0,0.0,0,1,1,0
2013-04-10 10:45:00,0.7,Clear sky,15.0,medium,1.0,1.0,0.0,0.0,0.0,0.0,0.0,spring,New Moon,0.0,0.0,0.0,0.0,0,1,1,0
2013-04-10 11:00:00,0.7,Clear sky,15.0,medium,0.0,1.0,0.0,1.0,0.0,0.0,0.0,spring,New Moon,0.0,0.0,0.0,0.0,0,1,1,0
2013-04-10 11:15:00,0.7,Clear sky,15.0,supra,1.0,1.0,0.0,1.0,0.0,0.0,0.0,spring,New Moon,0.0,0.0,0.0,0.0,0,1,1,1
2013-04-10 11:30:00,0.7,Clear sky,15.0,supra,1.0,1.0,0.0,1.0,0.0,0.0,0.0,spring,New Moon,0.0,0.0,0.0,0.0,0,1,1,1
2013-05-27 09:45:00,0.6,Clear sky,15.0,supra,0.0,0.0,0.0,1.0,0.0,0.0,0.0,spring,Waxing Gibbous,0.0,0.0,0.0,1126.0,0,1,6,1
2013-05-27 10:15:00,0.6,Clear sky,15.0,medium,1.0,1.0,0.0,0.0,0.0,0.0,0.0,spring,Waning Gibbous,0.0,0.0,0.0,0.0,0,1,4,0
2013-05-27 10:30:00,0.6,Clear sky,15.0,medium,1.0,1.0,0.0,0.0,0.0,0.0,0.0,spring,Waning Gibbous,0.0,0.0,0.0,0.0,0,1,4,0
2013-05-27 10:45:00,0.6,Clear sky,15.0,medium,1.0,1.0,0.0,0.0,0.0,0.0,0.0,spring,Waning Gibbous,0.0,0.0,0.0,0.0,0,1,4,0
2013-05-27 11:00:00,0.6,Clear sky,15.0,medium,1.0,1.0,0.0,0.0,0.0,0.0,0.0,spring,Waning Gibbous,0.0,0.0,0.0,0.0,0,1,4,0
2013-05-27 11:15:00,0.6,Clear sky,15.0,supra,0.0,1.0,1.0,0.0,0.0,0.0,0.0,spring,Waning Gibbous,0.0,0.0,0.0,0.0,0,1,4,1
2013-05-27 11:30:00,0.6,Clear sky,15.0,supra,0.0,1.0,1.0,1.0,0.0,0.0,0.0,spring,Waning Gibbous,0.0,0.0,0.0,0.0,0,1,4,1
2013-06-24 10:45:00,0.6,Cloudy,16.0,medium,1.0,1.0,0.0,0.0,0.0,0.0,0.0,summer,Waxing Gibbous,0.0,0.0,0.0,671.0,1,2,6,0
2013-06-24 11:00:00,0.6,Cloudy,16.0,medium,1.0,1.0,1.0,0.0,0.0,0.0,0.0,summer,Waning Gibbous,0.0,0.0,0.0,0.0,1,2,4,0
2013-06-24 11:15:00,0.6,Cloudy,16.0,medium,0.0,1.0,1.0,0.0,0.0,0.0,0.0,summer,Waning Gibbous,0.0,0.0,0.0,0.0,1,2,4,0
2013-06-24 11:30:00,0.6,Cloudy,16.0,medium,1.0,1.0,0.0,0.0,0.0,0.0,0.0,summer,Waning Gibbous,0.0,0.0,0.0,0.0,1,2,4,0
2013-06-24 12:00:00,0.6,Cloudy,16.0,supra,0.0,0.0,0.0,1.0,0.0,0.0,0.0,summer,Waning Gibbous,0.0,0.0,0.0,0.0,1,2,4,1
2013-06-24 12:15:00,0.6,Cloudy,16.0,supra,0.0,0.0,0.0,1.0,0.0,0.0,0.0,summer,Waning Gibbous,0.0,0.0,0.0,0.0,1,2,4,1
2013-06-24 12:30:00,0.6,Cloudy,16.0,supra,0.0,1.0,0.0,1.0,0.0,0.0,0.0,summer,Waning Gibbous,0.0,0.0,0.0,0.0,1,2,4,1
2013-07-23 10:45:00,0.6,Clear sky,19.0,medium,0.0,1.0,1.0,0.0,0.0,0.0,0.0,summer,Full Moon,0.0,0.0,0.0,694.0,0,2,0,0
2013-07-23 11:00:00,0.6,Clear sky,19.0,medium,0.0,1.0,1.0,0.0,0.0,0.0,0.0,summer,Full Moon,0.0,0.0,0.0,0.0,0,2,0,0
2013-07-23 11:15:00,0.6,Clear sky,19.0,medium,1.0,1.0,1.0,0.0,0.0,0.0,0.0,summer,Full Moon,0.0,0.0,0.0,0.0,0,2,0,0
2013-07-23 11:30:00,0.6,Clear sky,19.0,medium,0.0,1.0,1.0,0.0,0.0,1.0,0.0,summer,Full Moon,0.0,0.0,0.0,0.0,0,2,0,0
2013-07-23 12:00:00,0.6,Clear sky,19.0,supra,0.0,1.0,1.0,0.0,0.0,0.0,0.0,summer,Waning Gibbous,0.0,0.0,0.0,0.0,0,2,4,1
2013-07-23 12:15:00,0.6,Clear sky,19.0,supra,0.0,1.0,1.0,0.0,0.0,0.0,0.0,summer,Waning Gibbous,0.0,0.0,0.0,0.0,0,2,4,1
2013-07-23 12:30:00,0.6,Clear sky,19.0,supra,1.0,1.0,0.0,0.0,0.0,0.0,0.0,summer,Waning Gibbous,0.0,0.0,0.0,0.0,0,2,4,1
2013-08-21 09:45:00,0.6,Clear sky,20.0,supra,1.0,1.0,0.0,0.0,0.0,0.0,0.0,summer,Full Moon,0.0,0.0,0.0,693.0,0,2,0,1
2013-08-21 10:15:00,0.6,Clear sky,20.0,medium,1.0,1.0,0.0,0.0,0.0,0.0,0.0,summer,Full Moon,0.0,0.0,0.0,0.0,0,2,0,0
2013-08-21 10:30:00,0.6,Clear sky,20.0,medium,1.0,1.0,0.0,0.0,0.0,0.0,0.0,summer,Full Moon,0.0,0.0,0.0,0.0,0,2,0,0
2013-08-21 10:45:00,0.6,Clear sky,20.0,medium,1.0,1.0,0.0,0.0,0.0,0.0,0.0,summer,Full Moon,0.0,0.0,0.0,0.0,0,2,0,0
2013-08-21 11:00:00,0.6,Clear sky,20.0,medium,1.0,1.0,0.0,0.0,0.0,0.0,0.0,summer,Full Moon,0.0,0.0,0.0,0.0,0,2,0,0
2013-08-21 11:15:00,0.6,Clear sky,20.0,supra,0.0,1.0,0.0,1.0,0.0,0.0,0.0,summer,Full Moon,0.0,0.0,0.0,0.0,0,2,0,1
2013-08-21 11:30:00,0.6,Clear sky,20.0,supra,1.0,1.0,0.0,0.0,0.0,0.0,0.0,summer,Full Moon,0.0,0.0,0.0,0.0,0,2,0,1
2013-09-09 09:45:00,0.8,Clear sky,18.0,supra,0.0,0.0,0.0,1.0,0.0,0.0,0.0,summer,Waning Crescent,0.0,0.0,0.0,454.0,0,2,3,1
2013-09-09 10:15:00,0.8,Clear sky,18.0,medium,1.0,1.0,0.0,0.0,0.0,0.0,0.0,summer,Waxing Crescent,0.0,0.0,0.0,0.0,0,2,5,0
2013-09-09 10:30:00,0.8,Clear sky,18.0,medium,1.0,1.0,0.0,0.0,0.0,0.0,0.0,summer,Waxing Crescent,0.0,0.0,0.0,0.0,0,2,5,0
2013-09-09 10:45:00,0.8,Clear sky,18.0,medium,1.0,1.0,0.0,0.0,0.0,0.0,0.0,summer,Waxing Crescent,0.0,0.0,0.0,0.0,0,2,5,0
2013-09-09 11:00:00,0.8,Clear sky,18.0,medium,1.0,1.0,0.0,0.0,0.0,0.0,0.0,summer,Waxing Crescent,0.0,0.0,0.0,0.0,0,2,5,0
2013-09-09 11:15:00,0.8,Clear sky,18.0,supra,0.0,0.0,0.0,1.0,0.0,0.0,0.0,summer,Waxing Crescent,0.0,0.0,0.0,0.0,0,2,5,1
2013-09-09 11:30:00,0.8,Clear sky,18.0,supra,0.0,0.0,0.0,1.0,0.0,0.0,0.0,summer,Waxing Crescent,0.0,0.0,0.0,0.0,0,2,5,1
2013-10-21 09:45:00,0.8,Clear sky,19.0,supra,1.0,1.0,0.0,0.0,0.0,0.0,0.0,autumn,Waxing Gibbous,0.0,0.0,0.0,1006.0,0,0,6,1
2013-10-21 10:15:00,0.8,Clear sky,19.0,medium,0.0,1.0,0.0,0.0,0.0,1.0,0.0,autumn,Waning Gibbous,0.0,0.0,0.0,0.0,0,0,4,0
2013-10-21 10:30:00,0.8,Clear sky,19.0,medium,1.0,1.0,0.0,0.0,0.0,0.0,0.0,autumn,Waning Gibbous,0.0,0.0,0.0,0.0,0,0,4,0
2013-10-21 10:45:00,0.8,Clear sky,19.0,medium,1.0,1.0,0.0,0.0,0.0,0.0,0.0,autumn,Waning Gibbous,0.0,0.0,0.0,0.0,0,0,4,0
2013-10-21 11:00:00,0.8,Clear sky,19.0,medium,0.0,1.0,0.0,0.0,0.0,0.0,0.0,autumn,Waning Gibbous,0.0,0.0,0.0,0.0,0,0,4,0
2013-10-21 11:15:00,0.8,Clear sky,19.0,supra,1.0,1.0,0.0,0.0,0.0,0.0,0.0,autumn,Waning Gibbous,0.0,0.0,0.0,0.0,0,0,4,1
2013-10-21 11:30:00,0.8,Clear sky,19.0,supra,1.0,1.0,0.0,0.0,0.0,0.0,0.0,autumn,Waning Gibbous,0.0,0.0,0.0,0.0,0,0,4,1
2013-12-18 10:15:00,0.9,Cloudy,15.0,medium,1.0,1.0,1.0,0.0,0.0,1.0,0.0,autumn,Waxing Gibbous,0.0,0.0,0.0,1390.0,1,0,6,0
2013-12-18 10:30:00,0.9,Cloudy,15.0,medium,1.0,1.0,1.0,0.0,0.0,0.0,0.0,autumn,Waning Gibbous,0.0,0.0,0.0,0.0,1,0,4,0
2013-12-18 10:45:00,0.9,Cloudy,15.0,medium,1.0,1.0,1.0,0.0,0.0,0.0,0.0,autumn,Waning Gibbous,0.0,0.0,0.0,0.0,1,0,4,0
2013-12-18 11:00:00,0.9,Cloudy,15.0,medium,1.0,1.0,1.0,0.0,0.0,0.0,0.0,autumn,Waning Gibbous,0.0,0.0,0.0,0.0,1,0,4,0
2013-12-18 11:15:00,0.9,Cloudy,15.0,supra,1.0,1.0,0.0,0.0,0.0,0.0,0.0,autumn,Waning Gibbous,0.0,0.0,0.0,0.0,1,0,4,1
2013-12-18 11:30:00,0.9,Cloudy,15.0,supra,1.0,1.0,0.0,0.0,0.0,0.0,0.0,autumn,Waning Gibbous,0.0,0.0,0.0,0.0,1,0,4,1
2013-12-18 11:45:00,0.9,Cloudy,15.0,supra,1.0,1.0,0.0,0.0,0.0,0.0,0.0,autumn,Waning Gibbous,0.0,0.0,0.0,0.0,1,0,4,1
2014-01-15 10:15:00,1.0,Clear sky,14.0,medium,0.0,1.0,0.0,0.0,0.0,1.0,0.0,winter,Full Moon,0.0,0.0,0.0,670.0,0,3,0,0
2014-01-15 10:30:00,1.0,Clear sky,14.0,medium,0.0,1.0,0.0,0.0,0.0,1.0,0.0,winter,Full Moon,0.0,0.0,0.0,0.0,0,3,0,0
2014-01-15 10:45:00,1.0,Clear sky,14.0,medium,0.0,1.0,0.0,0.0,0.0,1.0,0.0,winter,Full Moon,0.0,0.0,0.0,0.0,0,3,0,0
2014-01-15 11:00:00,1.0,Clear sky,14.0,medium,0.0,1.0,0.0,0.0,0.0,1.0,0.0,winter,Full Moon,0.0,0.0,0.0,0.0,0,3,0,0
2014-01-15 11:15:00,1.0,Clear sky,14.0,supra,1.0,1.0,1.0,0.0,0.0,0.0,0.0,winter,Full Moon,0.0,0.0,0.0,0.0,0,3,0,1
2014-01-15 11:30:00,1.0,Clear sky,14.0,supra,1.0,1.0,1.0,0.0,0.0,0.0,0.0,winter,Full Moon,0.0,0.0,0.0,0.0,0,3,0,1
2014-01-15 11:45:00,1.0,Clear sky,14.0,supra,1.0,1.0,0.0,0.0,0.0,0.0,0.0,winter,Full Moon,0.0,0.0,0.0,0.0,0,3,0,1
2014-02-04 10:15:00,0.8,Rain,14.0,medium,0.0,1.0,0.0,0.0,0.0,0.0,0.0,winter,Waning Crescent,0.0,0.0,0.0,478.0,3,3,3,0
2014-02-04 10:30:00,0.8,Rain,14.0,medium,0.0,1.0,1.0,0.0,0.0,0.0,0.0,winter,Waxing Crescent,0.0,0.0,0.0,0.0,3,3,5,0
2014-02-04 10:45:00,0.8,Rain,14.0,medium,0.0,1.0,1.0,0.0,0.0,0.0,0.0,winter,Waxing Crescent,0.0,0.0,0.0,0.0,3,3,5,0
2014-02-04 11:00:00,0.8,Rain,14.0,medium,0.0,1.0,1.0,0.0,0.0,0.0,0.0,winter,Waxing Crescent,0.0,0.0,0.0,0.0,3,3,5,0
2014-02-04 11:15:00,0.8,Rain,14.0,supra,1.0,1.0,0.0,0.0,0.0,0.0,0.0,winter,Waxing Crescent,0.0,0.0,0.0,0.0,3,3,5,1
2014-02-04 11:30:00,0.8,Rain,14.0,supra,0.0,1.0,1.0,0.0,0.0,0.0,0.0,winter,Waxing Crescent,0.0,0.0,0.0,0.0,3,3,5,1
2014-02-04 11:45:00,0.8,Rain,14.0,supra,1.0,1.0,1.0,0.0,0.0,0.0,0.0,winter,Waxing Crescent,0.0,0.0,0.0,0.0,3,3,5,1
2014-03-03 10:15:00,0.4,Cloudy,13.0,medium,0.0,1.0,0.0,0.0,1.0,0.0,0.0,winter,Waning Crescent,0.0,0.0,0.0,646.0,1,3,3,0
2014-03-03 10:30:00,0.4,Cloudy,13.0,medium,0.0,1.0,0.0,0.0,0.0,0.0,0.0,winter,Waxing Crescent,0.0,0.0,0.0,0.0,1,3,5,0
2014-03-03 10:45:00,0.4,Cloudy,13.0,medium,0.0,1.0,0.0,0.0,0.0,0.0,0.0,winter,Waxing Crescent,0.0,0.0,0.0,0.0,1,3,5,0
2014-03-03 11:00:00,0.4,Cloudy,13.0,medium,1.0,1.0,0.0,0.0,0.0,0.0,0.0,winter,Waxing Crescent,0.0,0.0,0.0,0.0,1,3,5,0
2014-03-03 11:15:00,0.4,Cloudy,13.0,supra,1.0,1.0,0.0,1.0,0.0,0.0,0.0,winter,Waxing Crescent,0.0,0.0,0.0,0.0,1,3,5,1
2014-03-03 11:30:00,0.4,Cloudy,13.0,supra,1.0,1.0,0.0,1.0,0.0,0.0,0.0,winter,Waxing Crescent,0.0,0.0,0.0,0.0,1,3,5,1
2014-03-03 11:45:00,0.4,Cloudy,13.0,supra,1.0,1.0,0.0,1.0,0.0,0.0,0.0,winter,Waxing Crescent,0.0,0.0,0.0,0.0,1,3,5,1
2014-04-17 10:15:00,0.7,Clear sky,15.0,medium,1.0,1.0,0.0,0.0,0.0,1.0,0.0,spring,Waxing Gibbous,0.0,0.0,0.0,1078.0,0,1,6,0
2014-04-17 10:30:00,0.7,Clear sky,15.0,medium,1.0,1.0,1.0,0.0,0.0,0.0,0.0,spring,Waning Gibbous,0.0,0.0,0.0,0.0,0,1,4,0
2014-04-17 10:45:00,0.7,Clear sky,15.0,medium,1.0,1.0,1.0,0.0,0.0,0.0,0.0,spring,Waning Gibbous,0.0,0.0,0.0,0.0,0,1,4,0
2014-04-17 11:00:00,0.7,Clear sky,15.0,medium,1.0,1.0,0.0,0.0,0.0,0.0,0.0,spring,Waning Gibbous,0.0,0.0,0.0,0.0,0,1,4,0
2014-04-17 11:15:00,0.7,Clear sky,15.0,supra,1.0,1.0,0.0,0.0,0.0,0.0,0.0,spring,Waning Gibbous,0.0,0.0,0.0,0.0,0,1,4,1
2014-04-17 11:30:00,0.7,Clear sky,15.0,supra,0.0,1.0,0.0,0.0,0.0,0.0,0.0,spring,Waning Gibbous,0.0,0.0,0.0,0.0,0,1,4,1
2014-04-17 11:45:00,0.7,Clear sky,15.0,supra,1.0,1.0,0.0,0.0,0.0,0.0,0.0,spring,Waning Gibbous,0.0,0.0,0.0,0.0,0,1,4,1
2014-06-16 09:15:00,0.7,Clear sky,21.0,supra,1.0,1.0,0.0,0.0,0.0,0.0,0.0,spring,Waning Gibbous,0.0,0.0,0.0,1437.0,0,1,4,1
2014-06-16 09:30:00,0.7,Clear sky,21.0,supra,1.0,1.0,0.0,0.0,0.0,0.0,0.0,spring,Waning Gibbous,0.0,0.0,0.0,0.0,0,1,4,1
2014-06-16 09:45:00,0.7,Clear sky,21.0,medium,1.0,1.0,0.0,0.0,0.0,0.0,0.0,spring,Waning Gibbous,0.0,0.0,0.0,0.0,0,1,4,0
2014-06-16 11:15:00,0.7,Clear sky,21.0,medium,1.0,1.0,0.0,0.0,0.0,0.0,0.0,spring,Waning Gibbous,0.0,0.0,0.0,1.0,0,1,4,0
2014-06-16 11:30:00,0.7,Clear sky,21.0,medium,1.0,1.0,0.0,0.0,0.0,0.0,0.0,spring,Waning Gibbous,0.0,0.0,0.0,0.0,0,1,4,0
2014-06-16 11:45:00,0.7,Clear sky,21.0,medium,1.0,1.0,0.0,0.0,0.0,0.0,0.0,spring,Waning Gibbous,0.0,0.0,0.0,0.0,0,1,4,0
2014-06-16 12:15:00,0.7,Clear sky,21.0,supra,0.0,1.0,0.0,0.0,0.0,0.0,0.0,spring,Waning Gibbous,0.0,0.0,0.0,0.0,0,1,4,1
2014-07-11 10:15:00,0.5,Clear sky,19.0,medium,1.0,1.0,0.0,0.0,0.0,0.0,0.0,summer,Waxing Gibbous,0.0,0.0,0.0,598.0,0,2,6,0
2014-07-11 10:30:00,0.5,Clear sky,19.0,medium,1.0,1.0,0.0,0.0,0.0,0.0,0.0,summer,Waxing Gibbous,0.0,0.0,0.0,0.0,0,2,6,0
2014-07-11 10:45:00,0.5,Clear sky,19.0,medium,1.0,1.0,0.0,0.0,0.0,0.0,0.0,summer,Waxing Gibbous,0.0,0.0,0.0,0.0,0,2,6,0
2014-07-11 11:00:00,0.5,Clear sky,19.0,medium,1.0,1.0,0.0,0.0,0.0,0.0,0.0,summer,Waxing Gibbous,0.0,0.0,0.0,0.0,0,2,6,0
2014-07-11 11:15:00,0.5,Clear sky,19.0,supra,1.0,1.0,0.0,0.0,0.0,0.0,0.0,summer,Waxing Gibbous,0.0,0.0,0.0,0.0,0,2,6,1
2014-07-11 11:30:00,0.5,Clear sky,19.0,supra,0.0,0.0,0.0,0.0,1.0,0.0,0.0,summer,Waxing Gibbous,0.0,0.0,0.0,0.0,0,2,6,1
2014-07-11 11:45:00,0.5,Clear sky,19.0,supra,0.0,1.0,0.0,1.0,0.0,0.0,0.0,summer,Waxing Gibbous,0.0,0.0,0.0,0.0,0,2,6,1
2014-08-14 10:15:00,0.6,Clear sky,17.0,medium,1.0,1.0,0.0,0.0,0.0,0.0,0.0,summer,Waning Gibbous,0.0,0.0,0.0,814.0,0,2,4,0
2014-08-14 10:30:00,0.6,Clear sky,17.0,medium,1.0,1.0,0.0,0.0,0.0,0.0,0.0,summer,Waning Gibbous,0.0,0.0,0.0,0.0,0,2,4,0
2014-08-14 10:45:00,0.6,Clear sky,17.0,medium,0.0,0.0,1.0,0.0,1.0,0.0,0.0,summer,Waning Gibbous,0.0,0.0,0.0,0.0,0,2,4,0
2014-08-14 11:00:00,0.6,Clear sky,17.0,medium,1.0,1.0,1.0,0.0,0.0,0.0,0.0,summer,Waning Gibbous,0.0,0.0,0.0,0.0,0,2,4,0
2014-08-14 11:15:00,0.6,Clear sky,17.0,supra,0.0,0.0,0.0,1.0,0.0,0.0,0.0,summer,Waning Gibbous,0.0,0.0,0.0,0.0,0,2,4,1
2014-08-14 11:30:00,0.6,Clear sky,17.0,supra,1.0,1.0,0.0,1.0,0.0,0.0,0.0,summer,Waning Gibbous,0.0,0.0,0.0,0.0,0,2,4,1
2014-08-14 11:45:00,0.6,Clear sky,17.0,supra,1.0,1.0,0.0,1.0,0.0,0.0,0.0,summer,Waning Gibbous,0.0,0.0,0.0,0.0,0,2,4,1
2014-09-09 10:15:00,0.4,Clear sky,22.0,medium,0.0,1.0,0.0,0.0,1.0,0.0,0.0,summer,Full Moon,0.0,0.0,0.0,622.0,0,2,0,0
2014-09-09 10:30:00,0.4,Clear sky,22.0,medium,0.0,0.0,0.0,0.0,1.0,0.0,0.0,summer,Full Moon,0.0,0.0,0.0,0.0,0,2,0,0
2014-09-09 10:45:00,0.4,Clear sky,22.0,medium,0.0,0.0,0.0,0.0,1.0,0.0,0.0,summer,Full Moon,0.0,0.0,0.0,0.0,0,2,0,0
2014-09-09 11:00:00,0.4,Clear sky,22.0,medium,0.0,1.0,0.0,0.0,0.0,1.0,0.0,summer,Full Moon,0.0,0.0,0.0,0.0,0,2,0,0
2014-09-09 11:15:00,0.4,Clear sky,22.0,supra,1.0,1.0,0.0,0.0,1.0,0.0,0.0,summer,Full Moon,0.0,0.0,0.0,0.0,0,2,0,1
2014-09-09 11:30:00,0.4,Clear sky,22.0,supra,1.0,1.0,0.0,0.0,0.0,0.0,0.0,summer,Full Moon,0.0,0.0,0.0,0.0,0,2,0,1
2014-09-09 11:45:00,0.4,Clear sky,22.0,supra,1.0,1.0,0.0,0.0,0.0,0.0,0.0,summer,Full Moon,0.0,0.0,0.0,0.0,0,2,0,1
2014-10-23 10:15:00,0.9,Clear sky,19.0,medium,1.0,1.0,0.0,0.0,0.0,0.0,0.0,autumn,New Moon,0.0,0.0,0.0,1054.0,0,0,1,0
2014-10-23 10:30:00,0.9,Clear sky,19.0,medium,1.0,1.0,1.0,0.0,0.0,0.0,0.0,autumn,New Moon,0.0,0.0,0.0,0.0,0,0,1,0
2014-10-23 10:45:00,0.9,Clear sky,19.0,medium,0.0,1.0,1.0,0.0,0.0,0.0,0.0,autumn,New Moon,0.0,0.0,0.0,0.0,0,0,1,0
2014-10-23 11:00:00,0.9,Clear sky,19.0,medium,0.0,1.0,0.0,0.0,0.0,1.0,0.0,autumn,New Moon,0.0,0.0,0.0,0.0,0,0,1,0
2014-10-23 11:15:00,0.9,Clear sky,19.0,supra,0.0,1.0,0.0,0.0,0.0,0.0,0.0,autumn,New Moon,0.0,0.0,0.0,0.0,0,0,1,1
2014-10-23 11:30:00,0.9,Clear sky,19.0,supra,0.0,1.0,0.0,0.0,0.0,0.0,0.0,autumn,New Moon,0.0,0.0,0.0,0.0,0,0,1,1
2014-10-23 11:45:00,0.9,Clear sky,19.0,supra,0.0,1.0,0.0,0.0,0.0,0.0,0.0,autumn,New Moon,0.0,0.0,0.0,0.0,0,0,1,1
2014-11-24 10:15:00,0.7,Clear sky,18.0,medium,0.0,1.0,0.0,0.0,1.0,0.0,0.0,autumn,Waxing Crescent,0.0,0.0,0.0,766.0,0,0,5,0
2014-11-24 10:30:00,0.7,Clear sky,18.0,medium,0.0,1.0,0.0,0.0,1.0,0.0,0.0,autumn,Waxing Crescent,0.0,0.0,0.0,0.0,0,0,5,0
2014-11-24 10:45:00,0.7,Clear sky,18.0,medium,0.0,1.0,0.0,0.0,1.0,0.0,0.0,autumn,Waxing Crescent,0.0,0.0,0.0,0.0,0,0,5,0
2014-11-24 11:00:00,0.7,Clear sky,18.0,medium,0.0,1.0,0.0,0.0,1.0,0.0,0.0,autumn,Waxing Crescent,0.0,0.0,0.0,0.0,0,0,5,0
2014-11-24 11:15:00,0.7,Clear sky,18.0,supra,0.0,0.0,1.0,0.0,0.0,0.0,0.0,autumn,Waxing Crescent,0.0,0.0,0.0,0.0,0,0,5,1
2014-11-24 11:30:00,0.7,Clear sky,18.0,supra,1.0,1.0,0.0,0.0,0.0,0.0,0.0,autumn,Waxing Crescent,0.0,0.0,0.0,0.0,0,0,5,1
2014-11-24 11:45:00,0.7,Clear sky,18.0,supra,1.0,1.0,0.0,0.0,0.0,0.0,0.0,autumn,Waxing Crescent,0.0,0.0,0.0,0.0,0,0,5,1
2014-12-09 10:15:00,0.9,Clear sky,15.0,medium,1.0,1.0,0.0,0.0,0.0,0.0,0.0,autumn,Waxing Gibbous,0.0,0.0,0.0,358.0,0,0,6,0
2014-12-09 10:30:00,0.9,Clear sky,15.0,medium,1.0,1.0,0.0,0.0,0.0,0.0,0.0,autumn,Waning Gibbous,0.0,0.0,0.0,0.0,0,0,4,0
2014-12-09 10:45:00,0.9,Clear sky,15.0,medium,1.0,1.0,0.0,0.0,0.0,0.0,0.0,autumn,Waning Gibbous,0.0,0.0,0.0,0.0,0,0,4,0
2014-12-09 11:00:00,0.9,Clear sky,15.0,medium,0.0,1.0,0.0,0.0,0.0,0.0,0.0,autumn,Waning Gibbous,0.0,0.0,0.0,0.0,0,0,4,0
2014-12-09 11:15:00,0.9,Clear sky,15.0,supra,1.0,1.0,1.0,0.0,0.0,0.0,0.0,autumn,Waning Gibbous,0.0,0.0,0.0,0.0,0,0,4,1
2014-12-09 11:30:00,0.9,Clear sky,15.0,supra,0.0,1.0,1.0,0.0,0.0,0.0,0.0,autumn,Waning Gibbous,0.0,0.0,0.0,0.0,0,0,4,1
2014-12-09 11:45:00,0.9,Clear sky,15.0,supra,0.0,1.0,0.0,1.0,0.0,0.0,0.0,autumn,Waning Gibbous,0.0,0.0,0.0,0.0,0,0,4,1
2015-01-22 10:15:00,0.4,Clear sky,14.0,medium,0.0,1.0,1.0,0.0,0.0,0.0,0.0,winter,Waning Crescent,0.0,0.0,0.0,1054.0,0,3,3,0
2015-01-22 10:30:00,0.4,Clear sky,14.0,medium,0.0,1.0,1.0,0.0,0.0,0.0,0.0,winter,Waxing Crescent,0.0,0.0,0.0,0.0,0,3,5,0
2015-01-22 10:45:00,0.4,Clear sky,14.0,medium,0.0,1.0,1.0,0.0,0.0,0.0,0.0,winter,Waxing Crescent,0.0,0.0,0.0,0.0,0,3,5,0
2015-01-22 11:00:00,0.4,Clear sky,14.0,medium,1.0,1.0,1.0,0.0,0.0,0.0,0.0,winter,Waxing Crescent,0.0,0.0,0.0,0.0,0,3,5,0
2015-01-22 11:15:00,0.4,Clear sky,14.0,supra,1.0,1.0,0.0,0.0,0.0,0.0,0.0,winter,Waxing Crescent,0.0,0.0,0.0,0.0,0,3,5,1
2015-01-22 11:30:00,0.4,Clear sky,14.0,supra,1.0,1.0,0.0,0.0,0.0,0.0,0.0,winter,Waxing Crescent,0.0,0.0,0.0,0.0,0,3,5,1
2015-01-22 11:45:00,0.4,Clear sky,14.0,supra,1.0,1.0,1.0,0.0,0.0,0.0,0.0,winter,Waxing Crescent,0.0,0.0,0.0,0.0,0,3,5,1
2015-02-23 10:15:00,0.8,Clear sky,12.0,medium,0.0,1.0,0.0,0.0,0.0,0.0,0.0,winter,Waxing Crescent,0.0,0.0,0.0,766.0,0,3,5,0
2015-02-23 10:30:00,0.8,Clear sky,12.0,medium,0.0,1.0,1.0,0.0,0.0,0.0,0.0,winter,Waxing Crescent,0.0,0.0,0.0,0.0,0,3,5,0
2015-02-23 10:45:00,0.8,Clear sky,12.0,medium,1.0,1.0,1.0,0.0,0.0,0.0,0.0,winter,Waxing Crescent,0.0,0.0,0.0,0.0,0,3,5,0
2015-02-23 11:00:00,0.8,Clear sky,12.0,medium,1.0,1.0,1.0,0.0,0.0,0.0,0.0,winter,Waxing Crescent,0.0,0.0,0.0,0.0,0,3,5,0
2015-02-23 11:15:00,0.8,Clear sky,12.0,supra,0.0,1.0,1.0,0.0,0.0,0.0,0.0,winter,Waxing Crescent,0.0,0.0,0.0,0.0,0,3,5,1
2015-02-23 11:30:00,0.8,Clear sky,12.0,supra,0.0,1.0,1.0,0.0,0.0,0.0,0.0,winter,Waxing Crescent,0.0,0.0,0.0,0.0,0,3,5,1
2015-02-23 11:45:00,0.8,Clear sky,12.0,supra,0.0,1.0,1.0,0.0,0.0,0.0,0.0,winter,Waxing Crescent,0.0,0.0,0.0,0.0,0,3,5,1
2015-03-23 10:15:00,0.6,Clear sky,15.0,medium,0.0,1.0,0.0,0.0,0.0,0.0,0.0,spring,Waning Crescent,0.0,0.0,0.0,670.0,0,1,3,0
2015-03-23 10:30:00,0.6,Clear sky,15.0,medium,1.0,1.0,0.0,0.0,0.0,0.0,0.0,spring,Waxing Crescent,0.0,0.0,0.0,0.0,0,1,5,0
2015-03-23 10:45:00,0.6,Clear sky,15.0,medium,1.0,1.0,0.0,0.0,0.0,0.0,0.0,spring,Waxing Crescent,0.0,0.0,0.0,0.0,0,1,5,0
2015-03-23 11:00:00,0.6,Clear sky,15.0,medium,1.0,1.0,0.0,0.0,0.0,0.0,0.0,spring,Waxing Crescent,0.0,0.0,0.0,0.0,0,1,5,0
2015-03-23 11:15:00,0.6,Clear sky,15.0,supra,1.0,1.0,1.0,0.0,0.0,0.0,0.0,spring,Waxing Crescent,0.0,0.0,0.0,0.0,0,1,5,1
2015-03-23 11:30:00,0.6,Clear sky,15.0,supra,0.0,1.0,1.0,0.0,0.0,0.0,0.0,spring,Waxing Crescent,0.0,0.0,0.0,0.0,0,1,5,1
2015-03-23 11:45:00,0.6,Clear sky,15.0,supra,0.0,1.0,1.0,0.0,0.0,0.0,0.0,spring,Waxing Crescent,0.0,0.0,0.0,0.0,0,1,5,1
2015-04-08 10:15:00,0.9,Cloudy,14.0,medium,1.0,1.0,0.0,0.0,0.0,0.0,0.0,spring,Waxing Gibbous,0.0,0.0,0.0,382.0,1,1,6,0
2015-04-08 10:30:00,0.9,Cloudy,14.0,medium,1.0,1.0,0.0,0.0,0.0,0.0,0.0,spring,Waning Gibbous,0.0,0.0,0.0,0.0,1,1,4,0
2015-04-08 10:45:00,0.9,Cloudy,14.0,medium,1.0,1.0,0.0,0.0,0.0,0.0,0.0,spring,Waning Gibbous,0.0,0.0,0.0,0.0,1,1,4,0
2015-04-08 11:00:00,0.9,Cloudy,14.0,medium,1.0,1.0,1.0,0.0,0.0,0.0,0.0,spring,Waning Gibbous,0.0,0.0,0.0,0.0,1,1,4,0
2015-04-08 11:15:00,0.9,Cloudy,14.0,supra,0.0,1.0,0.0,1.0,0.0,0.0,0.0,spring,Waning Gibbous,0.0,0.0,0.0,0.0,1,1,4,1
2015-04-08 11:30:00,0.9,Cloudy,14.0,supra,0.0,1.0,0.0,1.0,0.0,0.0,0.0,spring,Waning Gibbous,0.0,0.0,0.0,0.0,1,1,4,1
2015-04-08 11:45:00,0.9,Cloudy,14.0,supra,0.0,1.0,0.0,1.0,0.0,0.0,0.0,spring,Waning Gibbous,0.0,0.0,0.0,0.0,1,1,4,1
2015-05-06 10:15:00,0.8,Clear sky,17.0,medium,1.0,1.0,1.0,0.0,0.0,0.0,0.0,spring,Waxing Gibbous,0.0,0.0,0.0,670.0,0,1,6,0
2015-05-06 10:30:00,0.8,Clear sky,17.0,medium,1.0,1.0,1.0,0.0,0.0,0.0,0.0,spring,Waning Gibbous,0.0,0.0,0.0,0.0,0,1,4,0
2015-05-06 10:45:00,0.8,Clear sky,17.0,medium,1.0,1.0,1.0,0.0,0.0,0.0,0.0,spring,Waning Gibbous,0.0,0.0,0.0,0.0,0,1,4,0
2015-05-06 11:00:00,0.8,Clear sky,17.0,medium,1.0,1.0,1.0,0.0,0.0,0.0,0.0,spring,Waning Gibbous,0.0,0.0,0.0,0.0,0,1,4,0
2015-05-06 11:15:00,0.8,Clear sky,17.0,supra,0.0,0.0,1.0,0.0,0.0,0.0,0.0,spring,Waning Gibbous,0.0,0.0,0.0,0.0,0,1,4,1
2015-05-06 11:30:00,0.8,Clear sky,17.0,supra,0.0,0.0,1.0,1.0,0.0,0.0,0.0,spring,Waning Gibbous,0.0,0.0,0.0,0.0,0,1,4,1
2015-05-06 11:45:00,0.8,Clear sky,17.0,supra,0.0,0.0,1.0,1.0,0.0,0.0,0.0,spring,Waning Gibbous,0.0,0.0,0.0,0.0,0,1,4,1
2015-06-17 10:15:00,0.8,Clear sky,19.0,medium,1.0,1.0,1.0,1.0,0.0,0.0,0.0,spring,Waning Crescent,0.0,0.0,0.0,1006.0,0,1,3,0
2015-06-17 10:30:00,0.8,Clear sky,19.0,medium,0.0,1.0,1.0,0.0,0.0,0.0,0.0,spring,Waxing Crescent,0.0,0.0,0.0,0.0,0,1,5,0
2015-06-17 10:45:00,0.8,Clear sky,19.0,medium,0.0,1.0,1.0,0.0,0.0,0.0,0.0,spring,Waxing Crescent,0.0,0.0,0.0,0.0,0,1,5,0
2015-06-17 11:00:00,0.8,Clear sky,19.0,medium,1.0,1.0,0.0,0.0,0.0,0.0,0.0,spring,Waxing Crescent,0.0,0.0,0.0,0.0,0,1,5,0
2015-06-17 11:15:00,0.8,Clear sky,19.0,supra,0.0,1.0,0.0,1.0,0.0,0.0,0.0,spring,Waxing Crescent,0.0,0.0,0.0,0.0,0,1,5,1
2015-06-17 11:30:00,0.8,Clear sky,19.0,supra,0.0,1.0,1.0,1.0,0.0,0.0,0.0,spring,Waxing Crescent,0.0,0.0,0.0,0.0,0,1,5,1
2015-06-17 11:45:00,0.8,Clear sky,19.0,supra,0.0,1.0,1.0,1.0,0.0,0.0,0.0,spring,Waxing Crescent,0.0,0.0,0.0,0.0,0,1,5,1
2015-07-15 10:15:00,0.9,Clear sky,20.0,medium,1.0,1.0,0.0,0.0,0.0,0.0,0.0,summer,New Moon,0.0,0.0,0.0,670.0,0,2,1,0
2015-07-15 10:30:00,0.9,Clear sky,20.0,medium,1.0,1.0,0.0,0.0,0.0,0.0,0.0,summer,New Moon,0.0,0.0,0.0,0.0,0,2,1,0
2015-07-15 10:45:00,0.9,Clear sky,20.0,medium,1.0,1.0,0.0,0.0,0.0,0.0,0.0,summer,New Moon,0.0,0.0,0.0,0.0,0,2,1,0
2015-07-15 11:00:00,0.9,Clear sky,20.0,medium,1.0,1.0,0.0,0.0,0.0,0.0,0.0,summer,New Moon,0.0,0.0,0.0,0.0,0,2,1,0
2015-07-15 11:15:00,0.9,Clear sky,20.0,supra,1.0,1.0,0.0,0.0,0.0,0.0,0.0,summer,New Moon,0.0,0.0,0.0,0.0,0,2,1,1
2015-07-15 11:30:00,0.9,Clear sky,20.0,supra,1.0,1.0,0.0,0.0,0.0,0.0,0.0,summer,New Moon,0.0,0.0,0.0,0.0,0,2,1,1
2015-07-15 11:45:00,0.9,Clear sky,20.0,supra,1.0,1.0,0.0,0.0,0.0,0.0,0.0,summer,New Moon,0.0,0.0,0.0,0.0,0,2,1,1
2015-08-18 10:15:00,1.0,Clear sky,18.0,medium,1.0,1.0,1.0,0.0,0.0,0.0,0.0,summer,Waxing Crescent,0.0,0.0,0.0,814.0,0,2,5,0
2015-08-18 10:30:00,1.0,Clear sky,18.0,medium,1.0,1.0,1.0,0.0,0.0,0.0,0.0,summer,Waxing Crescent,0.0,0.0,0.0,0.0,0,2,5,0
2015-08-18 10:45:00,1.0,Clear sky,18.0,medium,1.0,0.0,0.0,0.0,0.0,0.0,0.0,summer,Waxing Crescent,0.0,0.0,0.0,0.0,0,2,5,0
2015-08-18 11:00:00,1.0,Clear sky,18.0,medium,1.0,1.0,0.0,0.0,0.0,0.0,0.0,summer,Waxing Crescent,0.0,0.0,0.0,0.0,0,2,5,0
2015-08-18 11:15:00,1.0,Clear sky,18.0,supra,1.0,1.0,0.0,0.0,0.0,0.0,0.0,summer,Waxing Crescent,0.0,0.0,0.0,0.0,0,2,5,1
2015-08-18 11:30:00,1.0,Clear sky,18.0,supra,1.0,1.0,0.0,0.0,0.0,0.0,0.0,summer,Waxing Crescent,0.0,0.0,0.0,0.0,0,2,5,1
2015-08-18 11:45:00,1.0,Clear sky,18.0,supra,1.0,1.0,0.0,0.0,0.0,0.0,0.0,summer,Waxing Crescent,0.0,0.0,0.0,0.0,0,2,5,1
2015-09-15 10:15:00,0.9,Clear sky,17.0,medium,1.0,1.0,1.0,0.0,0.0,0.0,0.0,summer,Waning Crescent,0.0,0.0,0.0,670.0,0,2,3,0
2015-09-15 10:30:00,0.9,Clear sky,17.0,medium,0.0,1.0,1.0,0.0,0.0,0.0,0.0,summer,Waxing Crescent,0.0,0.0,0.0,0.0,0,2,5,0
2015-09-15 10:45:00,0.9,Clear sky,17.0,medium,1.0,1.0,1.0,0.0,0.0,0.0,0.0,summer,Waxing Crescent,0.0,0.0,0.0,0.0,0,2,5,0
2015-09-15 11:00:00,0.9,Clear sky,17.0,medium,1.0,1.0,1.0,0.0,0.0,0.0,0.0,summer,Waxing Crescent,0.0,0.0,0.0,0.0,0,2,5,0
2015-09-15 11:15:00,0.9,Clear sky,17.0,supra,0.0,0.0,0.0,1.0,0.0,0.0,0.0,summer,Waxing Crescent,0.0,0.0,0.0,0.0,0,2,5,1
2015-09-15 11:30:00,0.9,Clear sky,17.0,supra,0.0,0.0,0.0,1.0,0.0,0.0,0.0,summer,Waxing Crescent,0.0,0.0,0.0,0.0,0,2,5,1
2015-09-15 11:45:00,0.9,Clear sky,17.0,supra,0.0,0.0,0.0,1.0,0.0,0.0,0.0,summer,Waxing Crescent,0.0,0.0,0.0,0.0,0,2,5,1
2015-10-01 10:15:00,0.5,Clear sky,21.0,medium,1.0,1.0,0.0,0.0,1.0,0.0,0.0,autumn,Waxing Gibbous,0.0,0.0,0.0,382.0,0,0,6,0
2015-10-01 10:30:00,0.5,Clear sky,21.0,medium,1.0,1.0,0.0,0.0,1.0,0.0,0.0,autumn,Waning Gibbous,0.0,0.0,0.0,0.0,0,0,4,0
2015-10-01 10:45:00,0.5,Clear sky,21.0,medium,0.0,1.0,0.0,0.0,1.0,0.0,0.0,autumn,Waning Gibbous,0.0,0.0,0.0,0.0,0,0,4,0
2015-10-01 11:00:00,0.5,Clear sky,21.0,medium,1.0,1.0,0.0,0.0,0.0,0.0,0.0,autumn,Waning Gibbous,0.0,0.0,0.0,0.0,0,0,4,0
2015-10-01 11:15:00,0.5,Clear sky,21.0,supra,1.0,1.0,0.0,0.0,0.0,0.0,0.0,autumn,Waning Gibbous,0.0,0.0,0.0,0.0,0,0,4,1
2015-10-01 11:30:00,0.5,Clear sky,21.0,supra,1.0,1.0,0.0,0.0,0.0,0.0,0.0,autumn,Waning Gibbous,0.0,0.0,0.0,0.0,0,0,4,1
2015-10-01 11:45:00,0.5,Clear sky,21.0,supra,1.0,1.0,0.0,0.0,0.0,0.0,0.0,autumn,Waning Gibbous,0.0,0.0,0.0,0.0,0,0,4,1
2015-10-01 11:45:00,0.9,Clear sky,19.0,medium,0.0,1.0,1.0,1.0,0.0,0.0,0.0,autumn,None,0.0,0.0,0.0,0.0,0,0,2,0
2015-12-15 09:00:00,0.8,Clear sky,16.0,medium,1.0,1.0,0.0,0.0,0.0,0.0,0.0,autumn,Waning Crescent,0.0,0.0,0.0,1797.0,0,0,3,0
2016-01-13 09:00:00,0.64,Clear sky,15.0,medium,0.0,1.0,0.0,0.0,0.0,0.0,0.0,winter,Waning Crescent,0.0,0.0,0.0,696.0,0,3,3,0
2016-02-08 08:00:00,0.63,Clear sky,15.0,medium,0.0,1.0,0.0,0.0,0.0,0.0,0.0,winter,New Moon,0.0,0.0,0.0,623.0,0,3,1,0
2016-03-09 08:00:00,0.38,Clear sky,13.0,medium,0.0,1.0,0.0,0.0,0.0,0.0,0.0,winter,New Moon,0.0,0.0,0.0,720.0,0,3,1,0
2016-04-07 09:00:00,0.36,Clear sky,15.0,medium,1.0,1.0,0.0,0.0,0.0,0.0,0.0,spring,New Moon,0.0,0.0,0.0,697.0,0,1,1,0
2016-05-10 09:00:00,0.84,Clear sky,16.0,medium,0.0,1.0,0.0,0.0,0.0,0.0,0.0,spring,Waxing Crescent,0.0,0.0,0.0,792.0,0,1,5,0
2016-06-07 09:30:00,0.9,Clear sky,21.7,medium,1.0,1.0,0.0,0.0,0.0,0.0,0.0,spring,Waning Crescent,0.0,0.0,0.0,672.0,0,1,3,0
2016-07-07 09:00:00,0.7,Clear sky,18.0,medium,1.0,1.0,1.0,0.0,0.0,0.0,0.0,summer,Waxing Crescent,0.0,0.0,0.0,719.0,0,2,5,0
2016-08-31 09:30:00,0.86,Clear sky,19.0,medium,1.0,1.0,0.0,0.0,0.0,0.0,0.0,summer,Waning Crescent,0.0,0.0,0.0,1320.0,0,2,3,0
2016-10-31 08:00:00,0.86,Clear sky,19.0,medium,1.0,1.0,0.0,0.0,1.0,0.0,0.0,autumn,New Moon,0.0,0.0,0.0,1462.0,0,0,1,0
2016-11-18 09:00:00,0.7,Clear sky,17.4,medium,1.0,1.0,0.0,0.0,0.0,0.0,0.0,autumn,Waxing Gibbous,0.0,0.0,0.0,433.0,0,0,6,0
2017-01-11 08:40:00,0.7,Clear sky,15.2,medium,0.0,1.0,0.0,0.0,0.0,0.0,0.0,winter,Waxing Gibbous,0.0,0.0,0.0,1295.0,0,3,6,0
2017-02-13 09:15:00,0.6,Clear sky,14.2,medium,0.0,1.0,0.0,0.0,0.0,0.0,0.0,winter,Waning Gibbous,0.0,0.0,0.0,792.0,0,3,4,0
2017-02-27 08:30:00,0.5,Cloudy,14.6,medium,0.0,1.0,0.0,0.0,0.0,0.0,0.5714285714285714,winter,New Moon,0.2857142857142857,0.0,0.0,335.0,1,3,1,0
2017-04-13 09:30:00,0.83,Cloudy,17.4,medium,1.0,1.0,0.0,0.0,0.0,0.0,0.0,spring,Waxing Gibbous,0.19047619047619047,0.5714285714285714,0.2857142857142857,1081.0,1,1,6,0
2017-05-25 08:30:00,0.52,Clear sky,18.0,medium,0.0,1.0,0.0,0.0,0.0,0.0,0.0,spring,New Moon,0.09523809523809523,0.0,0.19047619047619047,1007.0,0,1,1,0
2017-06-26 09:30:00,0.65,Cloudy,19.0,medium,0.0,1.0,0.0,0.0,0.0,0.0,0.0,summer,Waxing Crescent,0.0,0.0,0.09523809523809523,769.0,1,2,5,0
2017-07-24 09:30:00,0.61,Cloudy,19.0,medium,0.0,1.0,0.0,0.0,0.0,0.0,0.0,summer,Waning Crescent,0.0,0.0,0.0,672.0,1,2,3,0
2017-08-09 09:15:00,0.84,Clear sky,17.5,medium,1.0,1.0,1.0,0.0,0.0,0.0,0.0,summer,Waxing Gibbous,0.0,0.0,0.0,383.0,0,2,6,0
2017-09-07 09:30:00,0.69,Clear sky,18.3,medium,0.0,1.0,0.0,0.0,0.0,0.0,0.0,summer,Waxing Gibbous,0.0,0.0,0.0,696.0,0,2,6,0
2017-10-06 08:30:00,0.59,Clear sky,16.0,medium,0.0,1.0,0.0,0.0,0.0,0.0,0.0,autumn,Full Moon,0.0,0.0,0.0,695.0,0,0,0,0
2017-11-06 09:15:00,0.49,Clear sky,18.0,medium,1.0,1.0,0.0,0.0,0.0,0.0,0.0,autumn,Waning Gibbous,0.0,0.0,0.0,744.0,0,0,4,0
2017-12-06 09:00:00,0.52,Fairly Cloudy,13.3,medium,1.0,1.0,0.0,0.0,0.0,0.0,0.0,autumn,Waning Gibbous,0.0,0.0,0.0,719.0,2,0,4,0
2018-01-17 08:20:00,0.92,Clear sky,14.1,medium,1.0,1.0,0.0,0.0,0.0,0.0,0.0,winter,New Moon,0.0,0.0,0.0,1007.0,0,3,1,0
2018-02-19 09:32:00,0.78,Cloudy,14.0,medium,1.0,1.0,0.0,0.0,0.0,0.0,0.0,winter,Waxing Crescent,0.0,0.0,0.0,793.0,1,3,5,0
2018-02-19 09:33:00,0.78,Cloudy,14.0,medium,1.0,1.0,0.0,0.0,0.0,0.0,0.0,winter,Waxing Crescent,0.0,0.0,0.0,0.0,1,3,5,0
2018-02-19 09:34:00,0.78,Cloudy,14.0,supra,1.0,1.0,0.0,0.0,0.0,0.0,0.0,winter,Waxing Crescent,0.0,0.0,0.0,0.0,1,3,5,1
2018-02-19 11:30:00,0.78,Cloudy,14.0,medium,1.0,1.0,0.0,0.0,0.0,0.0,0.0,winter,Waxing Crescent,0.0,0.0,0.0,1.0,1,3,5,0
2018-02-19 12:30:00,0.78,Cloudy,14.0,medium,1.0,1.0,0.0,0.0,0.0,0.0,0.0,winter,Waxing Crescent,0.0,0.0,0.0,1.0,1,3,5,0
2018-02-19 13:30:00,0.78,Cloudy,14.0,supra,1.0,1.0,0.0,0.0,0.0,0.0,0.0,winter,Waxing Crescent,0.0,0.0,0.0,1.0,1,3,5,1
2018-02-19 14:30:00,0.78,Cloudy,14.0,supra,1.0,1.0,0.0,0.0,0.0,0.0,0.0,winter,Waxing Crescent,0.0,0.0,0.0,1.0,1,3,5,1
2018-02-19 14:30:00,0.92,Rain,14.0,medium,0.0,1.0,0.0,0.0,0.0,1.0,0.0,winter,None,0.0,0.0,0.0,0.0,3,3,2,0
2018-04-17 09:00:00,0.56,Clear sky,17.0,medium,1.0,1.0,0.0,0.0,0.0,0.0,0.0,spring,Waning Crescent,0.0,0.0,0.0,1362.0,0,1,3,0
2019-01-25 09:00:00,0.9,Sunny,15.0,medium,1.0,1.0,0.0,0.0,0.0,0.0,0.0,winter,Waxing Gibbous,0.0,0.0,0.0,6792.0,4,3,6,0
2019-05-05 09:30:00,0.9,Cloudy,18.0,medium,1.0,1.0,0.0,0.0,0.0,0.0,0.0,spring,New Moon,0.0,0.0,0.0,2400.0,1,1,1,0
2019-09-02 09:00:00,0.7,Sunny,18.0,medium,1.0,1.0,0.0,0.0,0.0,0.0,0.0,summer,Waxing Crescent,0.0,0.0,0.0,2879.0,4,2,5,0
2019-11-13 09:30:00,0.8,Cloudy,15.0,medium,0.0,1.0,1.0,0.0,0.0,0.0,0.0,autumn,Full Moon,0.0,0.0,0.0,1728.0,1,0,0,0
2020-01-13 09:30:00,0.5,Cloudy,12.0,medium,1.0,1.0,0.0,0.0,0.0,0.0,0.0,winter,Waning Gibbous,0.0,0.0,0.0,1464.0,1,3,4,0
2020-07-06 08:00:00,0.9,Sunny,17.0,medium,1.0,1.0,0.0,0.0,0.0,0.0,0.0,summer,Waxing Gibbous,0.0,0.0,0.0,4198.0,4,2,6,0
